,0,1,2,3,4,5,6,7,8,9,10,11,12,13,14,15,16,17,18,19,20,21,22,23,24,25,26,27,28,29,30,31,32,33,34,35,36,37,38,39,40,41,42,43,44,45,46,47,48,49,50,51,52,53,54,55,56,57,58,59,60,61,62,63,64,65,66,67,68,69,70,71,72,73,74,75,76,77,78,79,80,81,82,83,84,85,86,87,88,89,90,91,92,93,94,95,96,97,98,99,100,101,102,103,104,105,106,107,108,109,110,111,112,113,114,115,116,117,118,119,120,121,122,123,124,125,126,127,128,129,130,131,132,133,134,135,136,137,138,139,140,141,142,143,144,145,146,147,148,149,150,151,152,153,154,155,156,157,158,159,160,161,162,163,164,165,166,167,168,169,170,171,172,173,174,175,176,177,178,179,180,181,182,183,184,185,186,187,188,189,190,191,192,193,194,195,196,197,198,199,200,201,202,203,204,205,206,207,208,209,210,211,212,213,214,215,216,217,218,219,220,221,222,223,224,225,226,227,228,229,230,231,232,233,234,235,236,237,238,239,240,241,242,243,244,245,246,247,248,249,250,251,252,253,254,255
0,0.0,-0.010799033,-0.009579419,-0.0052061784,-0.02018943,-0.0047742305,0.0027100123,-0.0058240998,-0.01050686,0.0023415654,-0.0073319613,-0.007285576,-0.005935593,0.0036792515,0.0023544943,0.0038099273,0.0,0.0,-2.6164686e-05,0.0,-0.09575005,0.0,0.0016018011,0.0,-0.00044176556,6.418036e-05,-4.8978287e-05,0.0,0.0,0.026951846,0.00015277074,0.0,0.0,-0.007767396,0.0,0.0,-0.08236963,0.0,0.005855707,-3.0460917e-05,-0.0031683228,0.0006402422,-0.00013276671,0.0,0.0,0.011854099,0.00018649071,0.00015963249,-0.0083892215,-0.008873582,-0.008693887,0.0,-0.009403171,-0.008308808,0.006648286,-0.008355824,-0.009416875,0.0073376363,-0.008727569,-0.008556315,-0.008535932,0.004935462,0.007994967,0.0043607475,0.0,-0.0035239013,-0.0005197445,0.0,0.0,0.0,0.0,0.0,-8.547132e-05,0.00012702236,-1.9902207e-05,0.0,0.0,0.029041111,0.00035752982,6.45256e-05,-0.0058932262,-0.0082838,-0.006674264,-0.00563795,-0.01995375,0.0,0.0037567045,-0.006156287,-0.008858476,0.004601827,-0.0071896766,-0.0066987923,-0.006180592,0.0067996224,0.004773035,0.005511058,0.0033993986,0.006707085,0.0042733154,0.0033589764,0.0051960056,0.0046940614,0.0,0.0037661039,0.00257369,-0.013795625,0.0028686158,0.009344507,0.0026828756,-0.022008609,-0.010427094,-0.012292366,-0.004637786,-0.00911814,-0.007117994,-0.0045576403,-0.02985314,-0.004210495,0.0022194728,0.0,-0.011048077,0.0025399667,-0.007908053,-0.004743924,-0.004743955,0.0031643675,0.0029232975,0.0037625728,0.0,-0.0012448066,-4.0304858e-05,0.0,-0.09546116,0.0,0.0014022156,0.0,0.0,0.0,-8.602102e-05,0.0,0.0,0.02529023,0.0,0.0,0.0056617893,0.00060100143,0.0,0.006150918,0.0072415066,0.0065346477,-0.009953522,0.0051022284,0.0029799724,0.0,0.0040389546,0.0058435183,0.0043573463,-0.022376265,-0.0106052095,-0.008378837,-0.0018989178,-0.005811923,-0.0021520138,-0.0016414289,-0.07630611,-0.0024895517,0.0019944927,-0.0019680962,-0.0038109017,0.003498486,0.0,-7.125244e-05,-0.0019027115,0.0070805782,0.0034802186,0.0030741056,-0.001452555,-0.00021716616,-2.1190865e-05,-0.0018075828,-0.100400105,-0.0036979727,0.0,-0.0010253533,-5.8092937e-05,0.0056244745,-6.066884e-05,0.0,-0.0012015401,0.0027737163,0.0060244086,0.0046060537,-0.005922951,-0.0075277854,-0.008646397,-0.00589569,-0.018197441,-0.0059898146,0.0032334318,-0.0058420687,-0.009617073,0.0025783337,-0.008228148,-0.006349101,0.0,0.005879,0.004376224,0.0047096573,0.0,0.005649337,0.003071578,3.0707386e-05,0.010976954,0.00026233887,-0.006826557,0.0,0.0020767937,-0.01590665,0.0036906751,0.002329997,0.0,0.0,-0.011980936,-0.0024930283,0.00027374428,0.0,0.0,0.0014026362,0.011327844,0.0046770414,-0.00893139,0.00056460086,0.0028422119,-0.019871375,0.0052134604,0.003202619,0.0004071429,-0.030569838,0.0,-0.0042653037,0.0073810425,0.0025196755,0.0029481687,0.0037100967,0.0030589271,0.008680999,-0.023138694,0.0074564046,0.0029245343,-0.017119944,0.0044877883,0.005149168,0.006420074,-0.013787133,-0.012246609,0.0
1,0.0,-0.0087363785,-0.0077569783,-0.0029246646,-0.024023585,-0.0017403143,0.0023538275,-0.0033365355,-0.007449641,0.0019225125,-0.0046065324,-0.0056994064,-0.0032004467,0.00374391,0.0020273163,0.001984001,0.0,0.0,0.0,0.0,-0.08298986,0.0,0.0,0.0,0.0,0.0,0.0,0.0,0.0,0.027023707,0.0,0.0,0.0,-0.0034330836,0.0,0.0,-0.07784241,0.0,0.004603827,0.0,-0.000114665294,0.0,0.0,0.0,0.0,0.018181058,0.0,0.0,-0.0066994717,-0.0073798955,-0.0071745813,0.0,-0.009496519,-0.0063536726,0.0037482756,-0.0065192096,-0.007722583,0.0037367058,-0.0063043027,-0.0071859476,-0.0068611214,0.0049814614,0.00437213,0.0049142,0.0,-0.0019580084,-0.0001274478,0.0,0.0,0.0,0.0,0.0,0.0,0.0,0.0,0.0,0.0,0.027977189,0.0,0.0,-0.004014671,-0.0065719155,-0.00483843,-0.0033387723,-0.022050397,0.0,0.002536843,-0.0047979034,-0.0067798807,0.003088648,-0.0046532387,-0.0049199453,-0.003625667,0.006926891,0.0040182495,0.0036797593,0.0004248733,0.007111392,0.0052055265,0.0008315266,0.0031657536,0.001920516,0.0,0.0017830344,0.0016578658,-0.016075404,0.0018333362,0.00839564,0.0005705602,-0.023488468,-0.0064869286,-0.0031902003,-0.0039184745,-0.0068020523,-0.005500023,-0.0038046031,-0.028341908,-0.0032843633,0.0021073737,0.0,-0.0082955565,0.002186678,-0.0052846745,-0.0039940844,-0.003862362,0.0031546254,0.0022336836,0.002404214,0.0,-0.00038286706,-1.2728562e-05,0.0,-0.08217616,0.0,0.0,0.0,0.0,0.0,0.0,0.0,0.0,0.026902227,0.0,0.0,0.0,0.0,0.0,0.00039771132,0.010999583,0.00087043835,-0.003377906,0.0013590174,0.002125761,0.0,0.005554049,0.0032930009,0.00063919555,-0.030197741,-0.008084034,-0.0040010437,-0.0011978316,-0.0032446203,-0.00039316464,-0.001143287,-0.071868695,-0.0023253611,0.0,-0.0015157695,-0.0020009223,0.004739496,0.0,0.0,-0.00016560046,0.0035396828,0.004381432,0.0029394955,0.0,-2.0658214e-05,0.0,-7.0191454e-05,-0.08408765,-0.0023132616,0.0,0.0,0.0,0.008055577,0.0,0.0,0.0,0.0023171972,0.0068512713,0.003496404,-0.0012507602,-0.0059787175,-0.005228992,-0.0020734817,-0.025004458,-0.0013158857,0.0016998014,-0.0025252264,-0.008171022,0.0020628544,-0.00656041,-0.00380235,0.0,0.008247463,0.002267033,0.0019785983,0.0,0.0067487922,0.0036972414,0.0,0.010461447,0.0,-0.00026136063,0.0,5.7888163e-05,-0.022028843,0.0026859955,1.1783087e-05,0.0,0.0,-0.0048503825,-0.00013567331,0.0,0.0,0.0,0.0,0.0144816125,0.0,0.0,0.0,0.0009250035,-0.032168627,0.0071096504,0.000119663746,0.0,-0.033697583,0.0,-0.00079705165,0.0047070286,0.0014341294,0.00040077273,0.00497435,0.0033263047,0.0051976442,-0.0067547834,0.004899011,0.0021841275,-0.012878442,0.0035889116,0.0029911534,0.004209009,-0.018132513,-0.00980709,0.0
2,0.0,-0.0057840575,-0.004680806,-0.0014679522,-0.021892348,-0.0012122135,0.001645396,-0.0013620745,-0.0050655743,0.0013630054,-0.0025876246,-0.0037537934,-0.0016475461,0.0032097322,0.0015363637,0.0013871896,0.0,0.0,0.0,0.0,-0.061162274,0.0,0.0,0.0,0.0,0.0,0.0,0.0,0.0,0.020213803,0.0,0.0,0.0,-0.001110322,0.0,0.0,-0.059313837,0.0,0.0024325103,0.0,0.0,0.0,0.0,0.0,0.0,0.016341882,0.0,0.0,-0.004038782,-0.0045218905,-0.0051601464,0.0,-0.009449568,-0.0030779217,0.0028009198,-0.003659103,-0.0054154242,0.0026277874,-0.004387393,-0.0051488737,-0.004133922,0.004969403,0.0027908487,0.0025905806,0.0,-0.00050584687,-8.770451e-06,0.0,0.0,0.0,0.0,0.0,0.0,0.0,0.0,0.0,0.0,0.020526854,0.0,0.0,-0.0025516185,-0.004549972,-0.0035648996,-0.0018682047,-0.018825337,0.0,0.0017005408,-0.0032920078,-0.004643082,0.0016914423,-0.0032129213,-0.0032683518,-0.0014069488,0.0058661154,0.00240884,0.0019731943,0.0,0.0050805784,0.004500476,0.0,0.0019725475,1.5798294e-05,0.0,0.0011655146,0.0011036064,-0.018155375,0.0013917492,0.0063969325,0.0,-0.01898338,-0.0023165247,-0.0017698185,-0.0031217022,-0.0046425215,-0.0036937124,-0.0031165679,-0.020210724,-0.0027943754,0.0015227366,0.0,-0.0059818816,0.0017663486,-0.0041522263,-0.0032597927,-0.002957589,0.0022630894,0.0017108455,0.0016060402,0.0,-4.3739896e-05,0.0,0.0,-0.060464192,0.0,0.0,0.0,0.0,0.0,0.0,0.0,0.0,0.020250296,0.0,0.0,0.0,0.0,0.0,0.0,0.012025726,0.0,0.0,0.0,7.940538e-06,0.0,0.0047421814,0.0011393139,0.0,-0.024123382,-0.0038126237,-0.0019829962,0.0,-0.0017986946,-9.474823e-05,-0.00019324316,-0.0555542,-0.0014903065,0.0,0.0,-0.00012596532,0.0052677263,0.0,0.0,0.0,0.0023383514,0.003633522,0.0020997457,0.0,0.0,0.0,0.0,-0.06149022,-0.0009123137,0.0,0.0,0.0,0.009871543,0.0,0.0,0.0,0.0012537953,0.004330037,0.0019084937,0.0,-0.0022206965,-0.0018401922,-0.00043953967,-0.024117703,0.0,8.044228e-06,0.0,-0.0056169527,0.0012462686,-0.004382672,-0.0016329412,0.0,0.009127891,0.0016515515,0.0011536222,0.0,0.0053666513,0.0035127413,0.0,0.0070097507,0.0,0.0,0.0,0.0,-0.020260679,0.00217007,0.0,0.0,0.0,0.0,0.0,0.0,0.0,0.0,0.0,0.011815363,0.0,0.0,0.0,0.0,-0.03650202,0.005432843,0.0,0.0,-0.02210559,0.0,0.0,0.0006870677,0.0007700171,0.0,0.0012387923,0.0036423656,0.001513169,-0.0026664408,0.0014060633,0.0015993264,-0.01471697,0.0032033117,0.001671546,0.0021690123,-0.019498304,-0.0048591197,0.0
3,0.0,-0.004160057,-0.004273647,-0.0011975894,-0.022486143,-0.0010865137,0.0015180227,-0.0010797366,-0.0043566744,0.0011731824,-0.0023451608,-0.0020669715,-0.0006922597,0.0032144894,0.0014167246,0.0012953548,0.0,0.0,0.0,0.0,-0.055434156,0.0,0.0,0.0,0.0,0.0,0.0,0.0,0.0,0.01838009,0.0,0.0,0.0,0.0,0.0,0.0,-0.054295287,0.0,0.001771181,0.0,0.0,0.0,0.0,0.0,0.0,0.015753051,0.0,0.0,-0.002287428,-0.004138372,-0.0041228468,0.0,-0.011629159,-0.0017612245,0.002542857,-0.0020010518,-0.0050968225,0.001862616,-0.003880362,-0.0035562657,-0.003036715,0.006148828,0.0024131958,0.0020989173,0.0,-7.550365e-05,0.0,0.0,0.0,0.0,0.0,0.0,0.0,0.0,0.0,0.0,0.0,0.018565802,0.0,0.0,-0.0019511324,-0.004081334,-0.003332281,-0.0014534136,-0.01874774,0.0,0.001483883,-0.002335411,-0.003892477,0.0012631051,-0.0027982474,-0.0023413494,-0.0011574997,0.0058593196,0.0018826135,0.0013960314,0.0,0.004294992,0.004186266,0.0,0.0017918881,0.0,0.0,0.0010158952,0.0009958834,-0.021423385,0.0014163078,0.005963819,4.263618e-05,-0.016787704,-0.00036529356,-0.0012780379,-0.0029617676,-0.00405027,-0.0032498962,-0.0030384576,-0.017977323,-0.0030939186,0.00038644948,0.0,-0.0054793363,0.0020230876,-0.00411009,-0.0034359137,-0.0027200382,0.0017137466,0.0018286807,0.0014381047,0.0,0.0,0.0,0.0,-0.054869484,0.0,0.0,0.0,0.0,0.0,0.0,0.0,0.0,0.01843672,0.0,0.0,0.0,0.0,0.0,0.0,0.013361718,0.0,0.0,0.0,0.0,0.0,0.0037832195,0.0,0.0,-0.01831031,-0.0006910232,-0.00034080943,0.0,-0.0013691938,0.0,-4.5142322e-05,-0.05126953,-0.001162505,0.0,0.0,0.0,0.006374541,0.0,0.0,0.0,0.0021523007,0.0031198265,0.0017118907,0.0,0.0,0.0,0.0,-0.055652317,0.0,0.0,0.0,0.0,0.012547125,0.0,0.0,0.0,0.0,0.002517403,0.000967304,0.0,-0.0019444332,-0.001756414,-0.0010148459,-0.023124514,0.0,0.0,0.0,-0.004802039,0.0006559215,-0.0048234235,-0.0015458673,0.0,0.009252768,0.0015130156,0.0008549999,0.0,0.0047858614,0.003476369,0.0,0.005954633,0.0,0.0,0.0,0.0,-0.018659137,0.0021994927,0.0,0.0,0.0,0.0,0.0,0.0,0.0,0.0,0.0,0.010698617,0.0,0.0,0.0,0.0,-0.037644725,0.004789037,0.0,0.0,-0.017024769,0.0,0.0,0.0,0.0,0.0,0.00054345577,0.0051775295,0.00014229077,-0.00045894043,5.944294e-06,0.0013304994,-0.023673456,0.0039447914,0.00016667052,0.0014630586,-0.01863982,-0.0024341424,0.0
4,0.0,-0.0044231857,-0.004733738,-0.0010629636,-0.027864829,-0.0012502624,0.0017215254,-0.001172754,-0.0046482887,0.0012355031,-0.0021067946,-0.0021830855,-0.0006031479,0.0039147506,0.0016120971,0.0015248741,0.0,0.0,0.0,0.0,-0.062317662,0.0,0.0,0.0,0.0,0.0,0.0,0.0,0.0,0.020690266,0.0,0.0,0.0,0.0,0.0,0.0,-0.06123473,0.0,0.0017826052,0.0,0.0,0.0,0.0,0.0,0.0,0.0180714,0.0,0.0,-0.0017062781,-0.0045002364,-0.0035883675,0.0,-0.018144928,-0.001573382,0.0027347396,-0.0016010805,-0.0057528717,0.00090023025,-0.003759286,-0.0031543134,-0.0023342324,0.009596294,0.0021926488,0.0010701691,0.0,0.0,0.0,0.0,0.0,0.0,0.0,0.0,0.0,0.0,0.0,0.0,0.0,0.020867756,0.0,0.0,-0.0016429202,-0.004660589,-0.0038325412,-0.0013578917,-0.02374448,0.0,0.001567071,-0.0015896001,-0.0038719533,0.0011288803,-0.002901511,-0.0023691372,-0.0012171273,0.007302759,0.0018971151,0.0014500545,0.0,0.004671001,0.0046594753,3.7196165e-05,0.002062465,0.0,0.0,0.0010494456,0.0011198829,-0.027115563,0.0016547096,0.0066895355,0.0011923102,-0.017701048,0.0,-0.0020298676,-0.0033497629,-0.00443954,-0.003508845,-0.003494925,-0.020924171,-0.0037511436,0.0002829125,0.0,-0.0060006217,0.0032540255,-0.004761449,-0.0035097818,-0.0029469489,0.001211223,0.0021241284,0.0015436123,0.0,0.0,0.0,0.0,-0.06178957,0.0,0.0,0.0,0.0,0.0,0.0,0.0,0.0,0.02073462,0.0,0.0,0.0,0.0,0.0,0.0,0.01654903,0.0,0.0,0.0,0.0,0.0,0.0033818807,0.0,0.0,-0.015193949,0.0,0.0,0.0,-0.001329537,0.0,0.0,-0.0580634,-0.0012247957,0.0,0.0,0.0,0.008566953,0.0,0.0,0.0,0.0023313644,0.0032383718,0.0016747315,0.0,0.0,0.0,0.0,-0.062547,0.0,0.0,0.0,0.0,0.016561935,0.0,0.0,0.0,0.0,0.0018171555,0.0004133472,0.0,-0.0023627272,-0.0020533374,-0.0015025388,-0.026325922,0.0,0.0,0.0,-0.0051233945,0.0,-0.0060829767,-0.0018731283,0.0,0.010570996,0.0017820289,0.00083861017,0.0,0.0051554553,0.0039404747,0.0,0.0066339895,0.0,0.0,0.0,0.0,-0.023101429,0.0024345543,0.0,8.390266e-06,0.0,0.0,0.0,0.0,0.0,0.0,0.0,0.011505267,0.0,0.0,0.0,0.0,-0.04586024,0.005130406,0.0,0.00059235387,-0.017665999,0.0,0.0,0.0,0.0,0.0,0.00041379675,0.007989511,0.0,0.0,0.0,0.0010308003,-0.03678541,0.00501416,0.0,0.0018567856,-0.019395156,-5.425283e-05,0.0
5,0.0,-0.0036456098,-0.0039122333,-0.0009525418,-0.025538538,-0.0010818593,0.0014862955,-0.00095342024,-0.0037172653,0.0009802701,-0.0012744213,-0.001806202,-0.00035034143,0.0035676467,0.0013873552,0.0013371733,0.0,0.0,0.0,0.0,-0.05316145,0.0,0.0,0.0,0.0,0.0,0.0,0.0,0.0,0.017629975,0.0,0.0,0.0,0.0,0.0,0.0,-0.052336525,0.0,0.0014493921,0.0,0.0,0.0,0.0,0.0,0.0,0.015501579,0.0,0.0,-0.0011856699,-0.0032739914,-0.002103886,0.0,-0.020701904,-0.0012448108,0.0018851201,-0.0011343136,-0.0045060148,8.1037986e-05,-0.002197584,-0.0026538353,-0.0013971066,0.010867822,0.0007496484,0.00047347107,0.0,0.0,0.0,0.0,0.0,0.0,0.0,0.0,0.0,0.0,0.0,0.0,0.0,0.017798243,0.0,0.0,-0.0005612745,-0.0041011,-0.003267554,-0.00052234775,-0.022663385,0.0,0.0012313067,-0.0011505872,-0.0029560684,7.352058e-06,-0.0022309406,-0.0019810724,-0.0007346677,0.0068040797,0.0015399363,0.0011866699,0.0,0.0039003566,0.0039264145,0.0001500928,0.0017631666,0.0,0.0,0.0006390644,0.0009464067,-0.02465198,0.001419463,0.005619932,0.0011561938,-0.014191168,0.0,-0.0026670818,-0.0023198128,-0.0037157892,-0.0028697704,-0.0028219123,-0.018652966,-0.0028830066,0.00022835028,0.0,-0.0046518985,0.0042670746,-0.003947653,-0.0030435887,-0.002369758,0.00087722135,0.0017289182,0.0010963661,0.0,0.0,0.0,0.0,-0.05275315,0.0,0.0,0.0,0.0,0.0,0.0,0.0,0.0,0.017690644,0.0,0.0,0.0,0.0,0.0,0.0,0.014729169,0.0,0.0,0.0,0.0,0.0,0.0023735638,0.0,0.0,-0.00987794,0.0,0.0,0.0,-0.0010403848,0.0,0.0,-0.04971991,-0.0010151915,0.0,0.0,0.0,0.008229212,0.0,0.0,0.0,0.0019125497,0.0026076683,0.0009688524,0.0,0.0,0.0,0.0,-0.05332371,0.0,0.0,0.0,0.0,0.015351099,0.0,0.0,0.0,0.0,0.0010912844,0.0,0.0,-0.0021517314,-0.0018064437,-0.0015075033,-0.022311848,-3.1443007e-05,0.0,0.0,-0.004239343,0.0,-0.0055719623,-0.002629447,0.0,0.008811413,0.0016429521,0.00046757946,0.0,0.004226402,0.0032933445,0.0,0.005588773,0.0,0.0,0.0,0.0,-0.021524351,0.0020070756,0.0,0.0011863582,0.0,0.0,0.0,0.0,0.0,0.0,0.0,0.00922866,0.0,0.0,0.0,0.0,-0.041336123,0.0040455055,0.0,0.0011140219,-0.013750825,0.0,0.0,0.0,0.0,0.0,0.00024724065,0.008272484,0.0,0.0,0.0,0.00027307012,-0.036556914,0.004206148,0.0,0.0017224868,-0.0138622895,0.0,0.0
6,0.0,-0.0031876527,-0.0034823257,-0.00096507,-0.025243824,-0.0011035027,0.0014039745,-0.0006157702,-0.00301539,0.00054953416,-0.0011622958,-0.0016102623,-0.00020897358,0.0035356886,0.0013078258,0.001242681,0.0,0.0,0.0,0.0,-0.04963075,0.0,0.0,0.0,0.0,0.0,0.0,0.0,0.0,0.016438602,0.0,0.0,0.0,0.0,0.0,0.0,-0.048835486,0.0,0.0013262994,0.0,0.0,0.0,0.0,0.0,0.0,0.014495347,0.0,0.0,-0.0009945591,-0.0020945745,-0.0014324526,0.0,-0.024292022,-0.0011287922,0.0012788629,-0.00088855095,-0.0032981345,0.0,-0.0016988779,-0.0022122217,-0.0010329094,0.012521473,0.00016519864,0.0001915476,0.0,0.0,0.0,0.0,0.0,0.0,0.0,0.0,0.0,0.0,0.0,0.0,0.0,0.016603714,0.0,0.0,-0.00017858001,-0.0038975552,-0.00297693,-0.00019004858,-0.023634799,0.0,0.0011616317,-0.0010552733,-0.0025453006,0.0,-0.0014991915,-0.001855852,-0.00031019005,0.006019925,0.0013850158,0.0010623477,0.0,0.003581846,0.0036139232,0.00028082987,0.0016228858,0.0,0.0,7.887818e-05,0.0008637255,-0.024055282,0.0013101838,0.005162767,0.0011231897,-0.012711332,0.0,-0.002669651,-0.0011624232,-0.0034870324,-0.0025565682,-0.0016273416,-0.018659376,-0.0019600606,0.00029417506,0.0,-0.003761366,0.0061175507,-0.0031925158,-0.0027373405,-0.0020658562,0.0009472838,0.0017165173,0.0002726123,0.0,0.0,0.0,0.0,-0.049255088,0.0,0.0,0.0,0.0,0.0,0.0,0.0,0.0,0.016507015,0.0,0.0,0.0,0.0,0.0,0.0,0.01378432,0.0,0.0,0.0,0.0,0.0,0.002005416,0.0,0.0,-0.0067863874,0.0,0.0,0.0,-0.00092106004,0.0,0.0,-0.046456497,-0.0008658994,0.0,0.0,0.0,0.008587658,0.0,0.0,0.0,0.0016736488,0.002263418,0.00028367038,0.0,0.0,0.0,0.0,-0.04978757,0.0,0.0,0.0,0.0,0.015090215,0.0,0.0,0.0,0.0,0.0,0.0,0.0,-0.0020672334,-0.0017014104,-0.0016171912,-0.020155974,-0.0009619224,0.0,-6.840517e-05,-0.0039209127,0.0,-0.005423573,-0.002572813,0.0,0.007879292,0.0016538044,0.00023017974,0.0,0.0038325046,0.0030143608,2.977321e-05,0.0051332926,0.0,0.0,0.0,0.0,-0.021858752,0.0018137055,0.0,0.001304964,0.0,0.0,0.0,0.0,0.0,0.0,0.0,0.007920391,0.0,0.0,0.0,0.0,-0.04064695,0.0034237518,0.0,0.0011115394,-0.011819567,0.0,0.0,0.0,0.0,0.0,0.00023629563,0.008416832,0.0,0.0,0.0,6.0067296e-06,-0.0370401,0.003678975,0.0,0.0016498268,-0.010716624,0.0,0.0
7,0.0,-0.002717354,-0.0029344244,-0.0010130312,-0.023867313,-0.0010221248,0.0012704479,-0.00020675593,-0.0024033068,0.00012554614,-0.0010139243,-0.0014815818,-0.00010503197,0.0033644533,0.0011923737,0.0010989313,0.0,0.0,0.0,0.0,-0.04455462,0.0,0.0,0.0,0.0,0.0,0.0,0.0,0.0,0.01478996,0.0,0.0,0.0,0.0,0.0,0.0,-0.043911207,0.0,0.0011853764,0.0,0.0,0.0,0.0,0.0,0.0,0.01304119,0.0,0.0,-0.00075323356,-0.0015109433,-0.001063961,0.0,-0.026241697,-0.0009749884,0.00040559858,-6.0299453e-06,-0.0020920865,0.0,-0.0013217006,-0.0016992495,-0.0004814862,0.012865737,5.2963103e-05,5.2727373e-05,0.0,0.0,0.0,0.0,0.0,0.0,0.0,0.0,0.0,0.0,0.0,0.0,0.0,0.0149260545,0.0,0.0,-6.905563e-05,-0.0035442752,-0.0024433667,-7.224906e-05,-0.02357395,0.0,0.0010354865,-0.00095403206,-0.002129901,0.0,-0.0010242171,-0.0016925626,-9.60024e-05,0.005609212,0.0012618062,0.0009350371,0.0,0.0031451809,0.0031903533,0.00055553555,0.0014195621,0.0,0.0,1.6847924e-05,0.00071629864,-0.022258174,0.001152142,0.0045995684,0.0010091518,-0.01130967,0.0,-0.0020508408,-0.00070015545,-0.0031076458,-0.0020466894,-0.00017754383,-0.01982832,-0.0011051063,0.00035056588,0.0,-0.0029626663,0.0072945887,-0.0022895318,-0.0018830863,-0.0013219236,0.0008355895,0.0014936653,0.00026261355,0.0,0.0,0.0,0.0,-0.04425436,0.0,0.0,0.0,0.0,0.0,0.0,0.0,0.0,0.014833516,0.0,0.0,0.0,0.0,0.0,0.0,0.0117190955,0.0,0.0,0.0,0.0,0.0,0.0017381996,0.0,0.0,-0.0050730514,0.0,0.0,0.0,-0.0008017084,0.0,0.0,-0.04175824,-0.0004659399,0.0,0.0,0.0,0.008598019,0.0,0.0,0.0,0.0013831399,0.0018629795,1.5804779e-05,0.0,0.0,0.0,0.0,-0.044726092,0.0,0.0,0.0,0.0,0.014061711,0.0,0.0,0.0,0.0,0.0,0.0,0.0,-0.0018657754,-0.001524719,-0.0016232767,-0.017608691,-0.0009830683,0.0,-0.0005694023,-0.0035057608,0.00084705424,-0.0049527823,-0.0023637572,0.0,0.0069044908,0.0015774698,5.5019194e-05,0.0,0.0033433717,0.0026487894,0.00024282653,0.0045082597,0.0,0.0,0.0,0.0,-0.020358695,0.0015769978,0.0,0.0012350921,0.0,0.0,0.0,0.0,0.0,0.0,0.0,0.0062772143,0.0,0.0,0.0,0.0,-0.03833166,0.0026835585,0.0,0.00094653666,-0.010234453,0.0,0.0,0.0,0.0,0.0,0.00032231997,0.0077402852,0.0,0.0,0.0,0.0,-0.03419503,0.0030735019,0.0,0.0014623393,-0.008879897,0.0,0.0
8,0.0,-0.00222093,-0.002522003,-0.0011682988,-0.022888485,-0.0009701058,0.0011531266,-0.00012419776,-0.0019797932,7.116792e-05,-0.000901444,-0.0013491488,-3.8069455e-05,0.0032174066,0.0011014387,0.0009771676,0.0,0.0,0.0,0.0,-0.04067317,0.0,0.0,0.0,0.0,0.0,0.0,0.0,0.0,0.013480693,0.0,0.0,0.0,0.0,0.0,0.0,-0.040001165,0.0,0.0010780566,0.0,0.0,0.0,0.0,0.0,0.0,0.011886027,0.0,0.0,-0.00019763407,-0.0012430658,-0.0009827304,0.0,-0.02719381,-0.0008151336,6.6657194e-05,0.0,-0.0013536336,0.0,-0.0010633266,-0.0014528481,-5.1668885e-06,0.012644832,0.0,0.0,0.0,0.0,0.0,0.0,0.0,0.0,0.0,0.0,0.0,0.0,0.0,0.0,0.0,0.013602068,0.0,0.0,-1.7875462e-05,-0.0032087294,-0.0018590321,-0.00021558718,-0.023714233,0.0,0.0009153455,-0.00055427646,-0.0017982182,0.0,-0.0008350177,-0.0015338191,-4.7327812e-05,0.005187711,0.0012104898,0.0008399972,0.0,0.002790074,0.0028415862,0.00081788155,0.0012519831,0.0,0.0,0.00017716066,0.0002864198,-0.020662019,0.0010204688,0.004170469,0.0009038079,-0.010284471,0.0,-0.001596086,-0.00042748338,-0.002920115,-0.0017127215,-0.00027362487,-0.019985583,-0.000615625,0.00020942221,0.0,-0.0025166261,0.007547751,-0.0016381125,-0.0016128481,-0.000713512,0.00058618217,0.0011237703,0.00018401907,0.0,0.0,0.0,0.0,-0.040320687,0.0,0.0,0.0,0.0,0.0,0.0,0.0,0.0,0.013532281,0.0,0.0,0.0,0.0,0.0,0.0,0.00917617,0.0,0.0,0.0,0.0,0.0,0.0014577972,0.0,0.0,-0.0041992166,0.0,0.0,0.0,-0.00071399426,0.0,0.0,-0.038057305,0.0,0.0,0.0,0.0,0.008579782,0.0,0.0,0.0,0.0011437275,0.0015358964,0.0,0.0,0.0,0.0,0.0,-0.04074142,0.0,0.0,0.0,0.0,0.013095246,0.0,0.0,0.0,0.0,0.0,0.0,0.0,-0.0016988053,-0.001380077,-0.0016620192,-0.01575686,-0.0009772265,0.0,-0.0005128457,-0.003173401,0.00091318035,-0.004535997,-0.0021754047,0.0,0.0062176753,0.0015124411,0.0,0.0,0.0029345232,0.0023366977,0.0006014106,0.0039677992,0.0,0.0,0.0,0.0,-0.018930005,0.0013804942,0.0,0.0011207511,0.0,0.0,0.0,0.0,0.0,0.0,0.0,0.004945362,0.0,0.0,0.0,0.0,-0.036484506,0.0020946984,0.0,0.0007681113,-0.009134735,0.0,0.0,0.0,0.0,0.0,0.0004760523,0.0071402346,0.0,0.0,0.0,0.0,-0.03128175,0.0025919569,0.0,0.0012655086,-0.007980994,0.0,0.0
9,0.0,-0.0019810568,-0.0022568002,-0.0012915791,-0.021951308,-0.0009968983,0.001071443,-4.9192102e-05,-0.0016314476,4.217311e-05,-0.0008223377,-0.001219922,-2.4331199e-05,0.0030838829,0.0010243151,0.00088649464,0.0,0.0,0.0,0.0,-0.03767551,0.0,0.0,0.0,0.0,0.0,0.0,0.0,0.0,0.012520059,0.0,0.0,0.0,0.0,0.0,0.0,-0.03709861,0.0,0.0010012299,0.0,0.0,0.0,0.0,0.0,0.0,0.011041842,0.0,0.0,0.0,-0.0011740562,-0.0009529299,0.0,-0.02704555,-0.00069664454,0.0,0.0,-0.00094287965,0.0,-0.0009262638,-0.0014057315,0.0,0.0120861,0.0,0.0,0.0,0.0,0.0,0.0,0.0,0.0,0.0,0.0,0.0,0.0,0.0,0.0,0.0,0.012614034,0.0,0.0,-5.393101e-06,-0.0028838431,-0.0015530924,-0.0002764403,-0.023906082,0.0,0.00080024684,-0.00011218582,-0.0015325629,0.00042084657,-0.0005864317,-0.0013624118,-2.1563232e-05,0.004865034,0.001187882,0.0007535406,3.826735e-06,0.0025608537,0.0026056701,0.00089940033,0.0011352769,0.0,0.0,0.00050884706,0.00011853025,-0.019882957,0.0009285575,0.0038366993,0.000830398,-0.00910723,0.0,-0.0013100182,-0.0004836764,-0.0027279952,-0.0016986127,-0.0010637122,-0.017526055,-0.0006513804,0.00012924595,0.0,-0.0024670113,0.008039681,-0.0017629532,-0.0016792351,-0.00086968753,0.00042760622,0.00035140643,4.3291908e-05,0.0,0.0,0.0,0.0,-0.037385624,0.0,0.0,0.0,0.0,0.0,0.0,0.0,0.0,0.012566754,0.0,0.0,0.0,0.0,0.0,0.0,0.0061477544,0.0,0.0,0.0,0.0,0.0,0.0010560678,0.0,0.0,-0.0030229257,0.0,0.0,0.0,-0.0006238421,0.0,0.0,-0.035305504,0.0,0.0,0.0,0.0,0.00894248,0.0,0.0,0.0,0.0008580757,0.0011512669,0.0,0.0,0.0,0.0,0.0,-0.037836943,0.0,0.0,0.0,0.0,0.012353297,0.0,0.0,0.0,0.0,0.0,0.0,0.0,-0.0015789778,-0.0012809088,-0.0016429692,-0.014492058,-0.0009571821,0.0,-0.00023815587,-0.0029314368,0.0016716862,-0.004208642,-0.0020209288,0.0,0.005680633,0.0013948607,0.0,0.0,0.002678096,0.0021352614,0.00078626815,0.0036021846,0.0,0.0,0.0,0.0,-0.019177638,0.0012513374,0.0,0.0010366418,0.0,0.0,0.0,0.0,0.0,0.0,0.0,0.0040117884,0.0,0.0,0.0,0.0,-0.035944965,0.0016929399,0.0,0.00039770495,-0.00741883,0.0,0.0,0.0,0.0,0.0,0.00041971373,0.0069405846,0.0,0.0,0.0,0.0,-0.029906673,0.0022477992,0.0,0.001089842,-0.0065106633,0.0,0.0
10,0.0,-0.0014520375,-0.0016852925,-0.0010551173,-0.018062407,-0.00083365984,0.0008290349,-2.1066164e-05,-0.0011706565,0.00010413283,-0.0006373399,-0.00095761335,-3.3351437e-06,0.002497405,0.0008154624,0.0006797114,0.0,0.0,0.0,0.0,-0.029756723,0.0,0.0,0.0,0.0,0.0,0.0,0.0,0.0,0.009860772,0.0,0.0,0.0,0.0,0.0,0.0,-0.029326892,0.0,0.0007924042,0.0,0.0,0.0,0.0,0.0,0.0,0.008723437,0.0,0.0,0.0,-0.0009456491,-0.000762573,0.0,-0.022397408,-0.00047915385,0.0,0.0,-0.00068116764,0.0,-0.0006706866,-0.0011057747,0.0,0.009694785,0.0,0.0,0.0,0.0,0.0,0.0,0.0,0.0,0.0,0.0,0.0,0.0,0.0,0.0,0.0,0.009978417,0.0,0.0,0.0,-0.0021198161,-0.0011054451,-0.00020337233,-0.020516546,0.0,0.00057520636,-3.3963058e-06,-0.0007707454,0.00067982933,-0.00019798843,-0.00096768106,-4.0869327e-06,0.00391143,0.0009894699,0.00049261603,3.0618746e-06,0.0019999507,0.0020428537,0.0007379975,0.0008829425,0.0,0.0,0.00045099636,4.854592e-05,-0.017037153,0.0007248107,0.002964699,0.00064980675,-0.0062270355,0.0,-0.0009467112,-0.00041631568,-0.0020779024,-0.0013556862,-0.0011424382,-0.012992964,-0.00074897276,1.8408044e-05,0.0,-0.002007533,0.0077397665,-0.00126864,-0.0014593747,-0.00077710755,0.00024043549,7.52399e-06,6.223916e-06,0.0,0.0,0.0,0.0,-0.02956577,0.0,0.0,0.0,0.0,0.0,0.0,0.0,0.0,0.009887414,0.0,0.0,0.0,0.0,0.0,0.0,0.0018284149,0.0,0.0,0.0,0.0,0.0,0.0,0.0,0.0,-0.001101414,0.0,0.0,0.0,-0.0003973209,0.0,0.0,-0.02787046,0.0,0.0,0.0,0.0,0.008125776,0.0,0.0,0.0,0.0,0.0005688208,0.0,0.0,0.0,0.0,0.0,-0.029943598,0.0,0.0,0.0,0.0,0.009869396,0.0,0.0,0.0,0.0,0.0,0.0,0.0,-0.0012466452,-0.0010103444,-0.0013151931,-0.011383952,-0.0011450655,0.0,-7.175356e-05,-0.0023022238,0.0016671852,-0.0033038503,-0.0015890256,0.0,0.004348779,0.0010638878,0.0,0.0,0.002097179,0.0016757665,0.00069954403,0.0028180724,0.0,0.0,8.944066e-06,0.0,-0.018072003,0.0009780966,0.0,0.00081818865,0.0,0.0,0.0,0.0,0.0,0.0,0.0,0.0026441005,0.0,0.0,0.0,0.0,-0.031671416,0.0011073524,0.0,0.0,-0.0035637533,0.0,0.0,0.0,0.0,0.0,0.00021152843,0.0057233186,0.0,0.0,0.0,0.0,-0.025492502,0.0016529366,0.0,0.00079441303,-0.0034181224,0.0,0.0
11,0.0,-0.0013248203,-0.0015054913,-0.0009976233,-0.018422715,-0.0008623907,0.0008018984,-1.0284624e-05,-0.00105274,0.00020413545,-0.00061880326,-0.000937459,0.0,0.002508195,0.0008090082,0.0006431171,0.0,0.0,0.0,0.0,-0.029325105,0.0,0.0,0.0,0.0,0.0,0.0,0.0,0.0,0.009762879,0.0,0.0,0.0,0.0,0.0,0.0,-0.028917687,0.0,0.0007817061,0.0,0.0,0.0,0.0,0.0,0.0,0.008609039,0.0,0.0,0.0,-0.0009088761,-0.0007356444,0.0,-0.022983706,-8.955041e-05,0.0,0.0,-0.00059739104,0.0,-0.00059791916,-0.0010273044,0.0,0.009590442,0.0,0.0,0.0,0.0,0.0,0.0,0.0,0.0,0.0,0.0,0.0,0.0,0.0,0.0,0.0,0.009815462,0.0,0.0,0.0,-0.0019080389,-0.0009687954,-0.0001267149,-0.021566764,0.0,0.00025573256,0.0,-0.00038578894,0.0010146899,-7.060824e-05,-0.00082914194,0.0,0.0039409488,0.0010072296,0.0002822157,1.1319315e-05,0.001953327,0.0020012776,0.0007159143,0.00085587444,0.0,0.0,0.00038850846,1.0242033e-05,-0.018614432,0.00070922874,0.002824148,0.00063485594,-0.004829866,0.0,-0.0008711936,-0.00028556978,-0.0019714644,-0.0012753496,-0.0011735067,-0.013621485,-0.0007916313,0.0,0.0,-0.0019567162,0.008894495,-0.0012798867,-0.0013844544,-0.00057151826,3.5817535e-05,0.0,0.0,0.0,0.0,0.0,0.0,-0.02913679,0.0,0.0,0.0,0.0,0.0,0.0,0.0,0.0,0.009780857,0.0,0.0,0.0,0.0,0.0,0.0,0.0,0.0,0.0,0.0,0.0,0.0,0.0,0.0,0.0,0.0,0.0,0.0,0.0,-0.0003127617,0.0,0.0,-0.027500562,0.0,0.0,0.0,0.0,0.0089037465,0.0,0.0,0.0,0.0,0.0,0.0,0.0,0.0,0.0,0.0,-0.029400975,0.0,0.0,0.0,0.0,0.009820985,0.0,0.0,0.0,0.0,0.0,0.0,0.0,-0.001226883,-0.0009948431,-0.001285542,-0.011176307,-0.0012232078,0.0,-6.93247e-05,-0.0022601737,0.002210314,-0.003237458,-0.0015364696,0.0,0.004071348,0.0009994912,0.0,0.0,0.0020681352,0.001658921,0.0006466628,0.0027724246,0.0,0.0,1.8640641e-05,0.0,-0.01937346,0.00096076354,0.0,0.0008091219,0.0,0.0,0.0,0.0,0.0,0.0,0.0,0.0019762835,0.0,0.0,0.0,0.0,-0.0346338,0.0008268333,0.0,0.0,-0.0012721634,0.0,0.0,0.0,0.0,0.0,8.184938e-06,0.005796799,0.0,0.0,0.0,0.0,-0.026646318,0.00151736,0.0,0.0007352679,-0.001917815,0.0,0.0
12,0.0,-0.0013466817,-0.0015285767,-0.00094567466,-0.01957189,-0.0009412484,0.00081196974,0.0,-0.0010187431,0.0002433247,-0.00063204387,-0.0009551568,0.0,0.0026252437,0.0008406151,0.00061599695,0.0,0.0,0.0,0.0,-0.0304452,0.0,0.0,0.0,0.0,0.0,0.0,0.0,0.0,0.01010548,0.0,0.0,0.0,0.0,0.0,0.0,-0.0299903,0.0,0.0008094699,0.0,0.0,0.0,0.0,0.0,0.0,0.0089216875,0.0,0.0,0.0,-0.0008632197,-0.00069875584,0.0,-0.024857545,-2.5414809e-05,0.0,0.0,-0.0002984551,0.0,-0.00036396206,-0.0009220386,0.0,0.009915591,0.0,0.0,0.0,0.0,0.0,0.0,0.0,0.0,0.0,0.0,0.0,0.0,0.0,0.0,0.0,0.010188651,0.0,0.0,0.0,-0.0018286465,-0.00089510466,-6.5841305e-05,-0.023244986,0.0,9.23461e-05,0.0,-0.00018634624,0.001439816,-3.2943222e-05,-0.00075717474,0.0,0.0041465107,0.001044033,0.00016622404,1.209667e-05,0.001996364,0.0020504722,0.00073264696,0.000869311,0.0,0.0,0.00042320028,0.0,-0.02047553,0.0007214678,0.0028694896,0.00064966397,-0.004189774,0.0,-0.0010033974,-3.9420785e-05,-0.0019650625,-0.0011734291,-0.0011056566,-0.01631963,-0.000575971,0.0,0.0,-0.0019403413,0.009808405,-0.001168445,-0.0012585779,-0.00039691068,0.0,0.0,0.0,0.0,0.0,0.0,0.0,-0.03024185,0.0,0.0,0.0,0.0,0.0,0.0,0.0,0.0,0.01014032,0.0,0.0,0.0,0.0,0.0,0.0,0.0,0.0,0.0,0.0,0.0,0.0,0.0,0.0,0.0,0.0,0.0,0.0,0.0,-0.00030135168,0.0,0.0,-0.028556524,0.0,0.0,0.0,0.0,0.00967595,0.0,0.0,0.0,0.0,0.0,0.0,0.0,0.0,0.0,0.0,-0.03058056,0.0,0.0,0.0,0.0,0.010160994,0.0,0.0,0.0,0.0,0.0,0.0,0.0,-0.0012659506,-0.0010267633,-0.0013102614,-0.011566369,-0.0012714361,0.0,-0.000121463985,-0.0023298108,0.0029428757,-0.0033304675,-0.0015498672,0.0,0.003961434,0.0009748442,0.0,0.0,0.002134172,0.0017093531,0.0005311022,0.0028519214,0.0,0.0,8.0866885e-05,0.0,-0.020446423,0.0009875889,0.0,0.00083599833,0.0,0.0,-3.18658e-06,0.0,0.0,0.0,0.0,0.0014724974,0.0,0.0,0.0,0.0,-0.037676077,0.000606231,0.0,0.0,-0.0005568034,0.0,0.0,0.0,0.0,0.0,0.0,0.0060697002,0.0,0.0,0.0,5.1463103e-06,-0.028046727,0.0014735408,3.8767947e-05,0.0007186281,-0.0012269015,0.0,0.0
13,0.0,-0.0012573204,-0.0014302742,-0.00088282605,-0.020059615,-0.001000257,0.0008032334,0.0,-0.0009141692,0.00031395728,-0.0006226879,-0.00095594715,0.0,0.0026436266,0.00084682903,0.0005292219,0.0,0.0,0.0,0.0,-0.030546704,0.0,0.0,0.0,0.0,0.0,0.0,0.0,0.0,0.010160081,0.0,0.0,0.0,0.0,0.0,0.0,-0.030147232,0.0,0.0008146684,0.0,0.0,0.0,0.0,0.0,0.0,0.00893783,0.0,0.0,0.0,-0.00074272207,-0.0005794053,0.0,-0.025999852,-3.0794345e-06,0.0,0.0,-1.3545538e-05,0.0,-5.007165e-05,-0.0007436892,0.0,0.009855459,0.0,0.0,0.0,0.0,0.0,0.0,0.0,0.0,0.0,0.0,0.0,0.0,0.0,0.0,0.0,0.010245189,0.0,0.0,0.0,-0.0017078918,-0.0008266304,-6.51579e-06,-0.023908123,0.0,3.9804192e-05,0.0,-9.147901e-05,0.0017618648,-2.8174145e-05,-0.0006830387,0.0,0.00420005,0.0010414487,8.85563e-05,1.2304988e-05,0.001968305,0.0020201283,0.0007181109,0.00085080194,0.0,0.0,0.0005399154,0.0,-0.020499393,0.00070576946,0.0029368363,0.00063911366,-0.004167505,0.0,-0.0011059844,0.0,-0.0018030343,-0.001030388,-0.000801201,-0.018864064,-0.00029267828,0.0,0.0,-0.0017513968,0.010083219,-0.0008116503,-0.0009739609,-0.00023229442,0.0,0.0,0.0,0.0,0.0,0.0,0.0,-0.030354809,0.0,0.0,0.0,0.0,0.0,0.0,0.0,0.0,0.010178055,0.0,0.0,0.0,0.0,0.0,0.0,0.0,0.0,0.0,0.0,0.0,0.0,0.0,0.0,0.0,0.0,0.0,0.0,0.0,-0.0002865403,0.0,0.0,-0.028609913,0.0,0.0,0.0,0.0,0.009892684,0.0,0.0,0.0,0.0,0.0,0.0,0.0,0.0,0.0,0.0,-0.030697258,0.0,0.0,0.0,0.0,0.010218318,0.0,0.0,0.0,0.0,0.0,0.0,0.0,-0.0012644316,-0.00102213,-0.0012821142,-0.011563506,-0.001278092,0.0,-0.00017764613,-0.0023174759,0.0035572173,-0.003299873,-0.0014758225,0.0,0.0037382927,0.00092126866,2.8586875e-05,0.0,0.0021136256,0.0016955981,0.0005030082,0.002819717,0.0,0.0,0.000104497616,0.0,-0.020413937,0.000974206,0.0,0.00082921993,0.0,0.0,-0.00013118277,0.0,0.0,0.0,0.0,0.0009690339,0.0,0.0,0.0,0.0,-0.038657967,0.0,0.0,0.0,-0.0003561854,0.0,0.0,0.0,0.0,0.0,0.0,0.006128089,0.0,-6.667257e-05,0.0,3.0939227e-05,-0.027660865,0.0013775347,0.00027049685,0.0006754197,-0.0013621047,0.0,0.0
14,0.0,-0.0012847587,-0.0014523717,-0.00083766534,-0.021635728,-0.0011141088,0.00081248826,0.0,-0.00094991963,0.00038791343,-0.0006444301,-0.0010250718,0.0,0.002790035,0.0008995538,0.0004690059,0.0,0.0,0.0,0.0,-0.032193612,0.0,0.0,0.0,0.0,0.0,0.0,0.0,0.0,0.010678405,0.0,0.0,0.0,0.0,0.0,0.0,-0.0317736,0.0,0.0008617587,0.0,0.0,0.0,0.0,0.0,0.0,0.0094692195,0.0,0.0,0.0,-0.0006655621,-0.00026823787,0.0,-0.0283286,0.0,0.0,0.0,0.0,0.0,0.0,-0.000520104,0.0,0.010287159,0.0,0.0,0.0,0.0,0.0,0.0,0.0,0.0,0.0,0.0,0.0,0.0,0.0,0.0,0.0,0.0107880905,0.0,0.0,0.0,-0.0017099628,-0.00081471313,0.0,-0.02570989,0.0,3.0723495e-05,0.0,-5.7969908e-05,0.0021897503,-8.568125e-06,-0.0006656823,0.0,0.0044403696,0.0010815505,4.473974e-05,1.3546581e-05,0.0020391312,0.002097239,0.0007405736,0.00087381667,1.2527472e-05,0.0,0.000642839,0.0,-0.020787714,0.0007296399,0.0033007255,0.0006587905,-0.0047382107,0.0,-0.001345997,0.0,-0.0016907164,-0.0010204087,-0.00031877754,-0.022115355,-4.6301564e-05,0.0,0.0,-0.0015685376,0.010719609,-0.00044371872,-0.00080053374,-9.953985e-05,0.0,0.0,7.994088e-06,0.0,0.0,0.0,0.0,-0.032050226,0.0,0.0,0.0,0.0,0.0,0.0,0.0,0.0,0.010737854,0.0,0.0,0.0,0.0,0.0,0.0,0.0,0.0,0.0,0.0,0.0,0.0,0.0,0.0,0.0,0.0,0.0,0.0,0.0,-0.00026087058,0.0,0.0,-0.030188449,0.0,0.0,0.0,0.0,0.010542676,0.0,0.0,0.0,0.0,0.0,0.0,0.0,0.0,0.0,0.0,-0.032377735,0.0,0.0,0.0,0.0,0.010792824,0.0,0.0,0.0,0.0,0.0,0.0,0.0,-0.001323752,-0.0010741063,-0.0012910482,-0.012161126,-0.0013328377,0.0,-0.00022562088,-0.0024198056,0.004553602,-0.0034223674,-0.0010508519,0.0,0.0036612498,0.00090069283,0.00010806354,0.0,0.0021873973,0.0017556178,0.00040865171,0.0029012805,0.0,0.0,6.936477e-05,0.0,-0.021473886,0.001004098,0.0,0.00085679704,0.0,0.0,-0.00043235478,0.0,0.0,0.0,0.0,0.00050459296,0.0,0.0,0.0,0.0,-0.041557737,0.0,0.0,0.0,-0.0006827927,0.0,0.0,0.0,0.0,0.0,0.0,0.0065146224,3.415809e-06,-0.00018708501,3.2960486e-06,6.1211154e-05,-0.028090807,0.0013427276,0.00055062916,0.00060833566,-0.0020997494,-1.531591e-05,0.0
15,0.0,-0.00129717,-0.0014896658,-0.00085132197,-0.02445588,-0.0013372403,0.0008567792,0.0,-0.0009332436,0.0005416725,-0.0006999758,-0.0011358634,0.0,0.003013246,0.0010009083,0.0005135254,0.0,0.0,0.0,0.0,-0.03556484,0.0,0.0,0.0,0.0,0.0,0.0,0.0,0.0,0.01183447,0.0,0.0,0.0,0.0,0.0,0.0,-0.035094585,0.0,0.00095450605,0.0,0.0,0.0,0.0,0.0,0.0,0.010442349,0.0,0.0,0.0,-0.00051026314,-0.00017872955,0.0,-0.031708304,0.0,0.0,0.0,0.0,0.0,0.0,-0.00036190357,0.0,0.011115863,0.0,0.0,0.0,0.0,0.0,0.0,0.0,0.0,0.0,0.0,0.0,0.0,0.0,0.0,0.0,0.011944168,0.0,0.0,0.0,-0.0018098154,-0.00085847505,0.0,-0.02864842,0.0,9.243699e-06,0.0,-3.136553e-05,0.0027953917,-4.4478365e-06,-0.0006868318,0.0,0.0048555117,0.0011612151,5.8661957e-05,1.7217919e-05,0.0022019804,0.002270422,0.0007410078,0.0009399615,0.00037674085,0.0,0.0006874793,0.0,-0.022147555,0.0007859669,0.0038410139,0.00069792994,-0.005565192,0.0,-0.001746012,0.0,-0.001647157,-0.0010659803,-6.47862e-05,-0.025906904,0.0,0.0,0.0,-0.0013633721,0.011880468,-0.00026271466,-0.00073624204,-4.819278e-06,0.0,0.0,9.241033e-05,0.0,0.0,0.0,0.0,-0.035376683,0.0,0.0,0.0,0.0,0.0,0.0,0.0,0.0,0.011885099,0.0,0.0,0.0,0.0,0.0,0.0,0.0,0.0,0.0,0.0,0.0,0.0,0.0,0.0,0.0,0.0,0.0,0.0,0.0,-0.00023230788,0.0,0.0,-0.033420704,0.0,0.0,0.0,0.0,0.011784096,0.0,0.0,0.0,0.0,0.0,0.0,0.0,0.0,0.0,0.0,-0.035744764,0.0,0.0,0.0,0.0,0.011942905,0.0,0.0,0.0,0.0,0.0,0.0,0.0,-0.001453083,-0.0011752482,-0.0013478576,-0.0133773545,-0.0014375485,0.0,-0.00024925027,-0.0026452974,0.005942513,-0.0037126597,-0.0011531279,0.0,0.003722209,0.00091694173,0.00023718942,0.0,0.002329474,0.0018735868,4.156942e-06,0.003083552,0.0,0.0,2.4087702e-05,0.0,-0.023702815,0.0010676356,0.0,0.0008941293,0.0,0.0,-0.0010565022,0.0,0.0,0.0,0.0,0.0,0.0,0.0,0.0,0.0,-0.04619886,0.0,0.0,0.0,-0.00091944024,0.0,0.0,0.0,0.0,0.0,0.0,0.0072460035,7.537154e-05,-0.00034349188,6.1741724e-05,0.00010152763,-0.029461216,0.0013599297,0.0009239479,0.00048985955,-0.0028980172,-0.000101194804,0.0
16,0.0,-0.0014027768,-0.0016124002,-0.0010011006,-0.0279235,-0.0015524687,0.0008438036,0.0,-0.0009596225,0.00073132955,-0.0007548221,-0.0012701682,0.0,0.0032996756,0.001124766,0.0006288674,0.0,0.0,0.0,0.0,-0.0399397,0.0,0.0,0.0,0.0,0.0,0.0,0.0,0.0,0.013284121,0.0,0.0,0.0,0.0,0.0,0.0,-0.03943177,0.0,0.0010721606,0.0,0.0,0.0,0.0,0.0,0.0,0.011738635,0.0,0.0,0.0,-0.0005965231,-0.00020789387,0.0,-0.035451636,0.0,2.9199562e-05,0.0,0.0,0.0,0.0,-0.0004230926,0.0,0.011982891,0.0,4.7326157e-05,0.0,0.0,0.0,0.0,0.0,0.0,0.0,0.0,0.0,0.0,0.0,0.0,0.0,0.013404336,0.0,0.0,0.0,-0.001970853,-0.0009323355,0.0,-0.03223481,0.0,4.863161e-06,0.0,-9.5716405e-06,0.0034562352,0.0,-0.0007056976,0.0,0.0053836945,0.0012682203,0.0001329676,1.7296821e-05,0.002424636,0.0025058228,0.00051012833,0.0010292307,0.00066125003,0.0,0.00070794567,0.0,-0.02448325,0.0008618471,0.0044290298,0.0006816528,-0.0063531855,0.0,-0.0022650666,0.0,-0.0016582966,-0.0011504025,0.0,-0.0297813,0.0,0.0,0.0,-0.0012235463,0.013362069,-0.00016157424,-0.0007717856,0.0,0.0,0.0,0.0002665853,0.0,0.0,0.0,0.0,-0.03972943,0.0,0.0,0.0,0.0,0.0,0.0,0.0,0.0,0.013327921,0.0,0.0,0.0,0.0,0.0,0.0,0.0,0.0,0.0,0.0,0.0,0.0,0.0,0.0,0.0,0.0,0.0,0.0,0.0,-0.00022359102,0.0,0.0,-0.03750066,0.0,0.0,0.0,0.0,0.0132500185,0.0,0.0,0.0,0.0,0.0,0.0,0.0,0.0,0.0,0.0,-0.040127076,0.0,0.0,0.0,0.0,0.013399856,0.0,0.0,0.0,0.0,0.0,0.0,0.0,-0.0016189673,-0.0013099744,-0.0011110927,-0.01495732,-0.0015875285,0.0,-0.0002747941,-0.0029459666,0.0073199053,-0.0041348264,-0.0012843588,0.0,0.0039481656,0.0009697037,0.00037933447,0.0,0.0024824953,0.0019956557,0.0,0.0032738482,0.0,0.0,0.0,0.0,-0.026579207,0.0010924726,0.0,0.0008763336,0.0,0.0,-0.0020074076,0.0,0.0,0.0,0.0,0.0,0.0,0.0,0.0,0.0,-0.05205073,0.0,0.0,0.0,-0.001039681,0.0,0.0,2.4528303e-05,0.0,0.0,3.2866083e-05,0.008219654,0.00020173124,-0.00045249492,0.00014429686,0.00016515802,-0.031939186,0.0014667335,0.0012921009,0.00047180394,-0.003473984,-0.00021828845,0.0
17,0.0,-0.0013474559,-0.0016703812,-0.0011287621,-0.030494133,-0.0017139564,0.0008680808,0.0,-0.0008769977,0.0010134602,-0.0007539462,-0.0013541526,0.0,0.0034536617,0.0012147138,0.0007752494,0.0,0.0,0.0,0.0,-0.04312667,0.0,0.0,0.0,0.0,0.0,0.0,0.0,0.0,0.014315772,0.0,0.0,0.0,0.0,0.0,0.0,-0.042493653,0.0,0.0011554153,0.0,0.0,0.0,0.0,0.0,0.0,0.012669968,0.0,0.0,0.0,-0.0006552417,-0.000197247,0.0,-0.03813366,0.0,0.0002598673,0.0,0.0,0.0,0.0,-0.00039223902,0.0,0.012382758,0.0,0.00020566469,0.0,0.0,0.0,0.0,0.0,0.0,0.0,0.0,0.0,0.0,0.0,0.0,0.0,0.014436987,0.0,0.0,0.0,-0.0020713625,-0.0009768993,0.0,-0.034767985,0.0,0.0,0.0,-4.966757e-06,0.0039695073,0.0,-0.00065685646,0.0,0.005732506,0.0013401168,0.00033898183,2.4659974e-05,0.0025413013,0.0026279064,0.00026242418,0.0010756626,0.0007669989,0.0,0.0006714981,0.0,-0.026470013,0.00084784837,0.0047481055,0.00062616984,-0.0067150444,0.0,-0.0027726542,0.0,-0.0016759076,-0.0012026265,0.0,-0.032337163,0.0,0.0,0.0,-0.0011562383,0.0144066885,-0.00010509259,-0.0007573848,0.0,0.0,0.0,0.000515288,0.0,0.0,0.0,0.0,-0.042789083,0.0,0.0,0.0,0.0,0.0,0.0,0.0,0.0,0.014375757,0.0,1.6563963e-05,0.0,0.0,0.0,0.0,0.0,0.0,0.0,0.0,0.0,0.0,0.0,0.0,0.0,0.0,0.0,0.0,0.0,-0.00020876556,0.0,0.0,-0.04033796,0.0,0.0,0.0,0.0,0.014306856,0.0,0.0,0.0,0.0,0.0,4.166665e-05,0.0,0.0,0.0,0.0,-0.0432569,0.0,0.0,0.0,0.0,0.014425176,0.0,0.0,0.0,0.0,0.0,0.0,0.0,-0.0017285921,-0.0013989576,-0.00093210547,-0.016058762,-0.0016886918,0.0,-0.00026629906,-0.003159637,0.008281797,-0.0044205654,-0.0013724889,0.0,0.004099419,0.0010070312,0.00050966506,0.0,0.0024885628,0.001999733,0.0,0.003269464,0.0,0.0,0.0,0.0,-0.028665915,0.0009816649,0.0,0.0008171841,0.0,0.0,-0.003109133,0.0,0.0,0.0,0.0,0.0,0.0,0.0,0.0,0.0,-0.056366418,0.0,0.0,0.0,-0.0009756182,0.0,0.0,6.0480204e-05,0.0,0.0,7.6937315e-05,0.008923373,0.00026884236,-0.0005275452,0.00022293946,0.00025855523,-0.033519626,0.0015830876,0.0016011584,0.00051847816,-0.0036508972,-0.00033748016,0.0
18,0.0,-0.0013374237,-0.0016011024,-0.0012668695,-0.03199968,-0.0018013032,0.0007915791,0.0,-0.0009661611,0.0011945139,-0.0006818941,-0.0013998819,0.0,0.0034734162,0.0012654183,0.00095609284,0.0,0.0,0.0,0.0,-0.044716477,0.0,0.0,0.0,0.0,0.0,0.0,0.0,0.0,0.014930731,0.0,3.036064e-05,0.0,0.0,0.0,0.0,-0.04403118,0.0,0.0012024528,0.0,0.0,0.0,0.0,0.0,0.0,0.013175228,0.0,2.7806402e-05,0.0,-0.0005383068,-8.365917e-05,0.0,-0.039716728,0.0,0.00031246472,0.0,0.0,0.0,0.0,-0.00029286178,0.0,0.012637307,0.0,0.00042736114,0.0,0.0,0.0,0.0,0.0,0.0,0.0,0.0,0.0,0.0,0.0,0.0,0.0,0.015011032,0.0,8.9112e-06,0.0,-0.0021097157,-0.0009837851,0.0,-0.03598864,0.0,0.0,0.0,0.0,0.0043030553,0.0,-0.0005694584,0.0,0.0059230668,0.0013756902,0.00057305605,1.9011322e-05,0.0025620249,0.0026501534,0.0,0.0010789239,0.00082342146,0.0,0.00058244163,0.0,-0.027641037,0.00071892067,0.004829177,0.00059509283,-0.006851013,0.0,-0.0032259326,0.0,-0.0016073079,-0.001216542,0.0,-0.033595193,0.0,0.0,0.0,-0.001106179,0.014990389,-1.0447289e-05,-0.00067349774,0.0,0.0,0.0,0.000856011,0.0,0.0,0.0,0.0,-0.044363312,0.0,0.0,0.0,0.0,0.0,0.0,0.0,0.0,0.014921829,0.0,9.577233e-05,0.0,0.0,0.0,0.0,0.0,0.0,0.0,0.0,0.0,0.0,0.0,0.0,0.0,0.0,0.0,0.0,0.0,-0.00016437793,0.0,0.0,-0.04180784,0.0,0.0,0.0,0.0,0.014899087,0.0,0.0,0.0,0.0,0.0,0.00015385544,0.0,0.0,0.0,0.0,-0.044924434,0.0,0.0,0.0,0.0,0.015018091,0.0,0.0,0.0,0.0,0.0,2.7435635e-05,0.0,-0.0017800339,-0.0014398166,-0.0008694985,-0.016623735,-0.0017431006,0.0,-0.00022933312,-0.0032625506,0.008853956,-0.004579323,-0.0014119864,0.0,0.00418275,0.0010234755,0.0006627388,0.0,0.002366797,0.0018758328,0.0,0.0031107068,0.0,0.0,0.0,0.0,-0.029886158,0.00089873216,0.0,0.0007573712,0.0,0.0,-0.004272472,0.0,0.0,0.0,0.0,0.0,0.0,0.0,0.0,0.0,-0.05872438,0.0,0.0,0.0,-0.00090023596,0.0,0.0,0.000192208,0.0,8.28028e-06,0.00023971987,0.009303144,0.00034647356,-0.00056638056,0.0002830869,0.00042732968,-0.033836547,0.0016981562,0.0018960042,0.0005149797,-0.003636514,-0.00047009965,0.0
19,0.0,-0.0013046929,-0.0015908488,-0.0015289914,-0.033220846,-0.001886198,0.0007250376,0.0,-0.0009103581,0.0013530618,-0.0006357303,-0.0014524962,0.0,0.003476162,0.0013040503,0.0015879219,0.0,0.0,0.0,0.0,-0.045955323,0.0,0.0,0.0,0.0,0.0,0.0,0.0,0.0,0.01535509,0.0,0.0009108247,0.0,0.0,0.0,0.0,-0.045289855,0.0,0.0012399113,0.0,0.0,0.0,0.0,0.0,0.0,0.013573732,0.0,0.00082188455,0.0,-0.00042042302,-5.319022e-06,0.0,-0.041011013,0.0,0.0003517766,0.0,0.0,0.0,0.0,-0.00018534502,0.0,0.012916972,0.0,0.002137256,0.0,0.0,0.0,0.0,0.0,0.0,0.0,0.0,0.0,0.0,0.0,0.0,0.0,0.01545995,0.0,0.0005302896,0.0,-0.002135312,-0.000977804,0.0,-0.03687983,0.0,0.0,0.0,0.0,0.0045289104,0.0,-0.000536826,0.0,0.0060674055,0.0014058965,0.002010136,2.5542562e-05,0.0025656912,0.002652767,0.0,0.0010698719,0.0008848282,0.0,0.00053194223,0.0,-0.028496424,0.0006676554,0.0049475157,0.0005505606,-0.0070058405,0.0,-0.0052358536,0.0,-0.001610761,-0.0012206921,0.0,-0.034464538,0.0,0.0,0.0,-0.0010703249,0.015410317,0.0,-0.000603493,0.0,0.0,0.0,-0.0052542645,0.0,0.0,0.0,0.0,-0.04551976,0.0,0.0,0.0,0.0,0.0,0.0,0.0,0.0,0.015375933,0.0,0.0015406297,0.0,0.0,0.0,0.0,0.0,0.0,0.0,0.0,0.0,0.0,0.0,0.0,0.0,0.0,0.0,0.0,0.0,-0.00014276811,0.0,0.0,-0.04292088,0.0,0.0,0.0,0.0,0.01533182,0.0,0.0,0.0,0.0,0.0,-0.004120484,0.0,0.0,0.0,0.0,-0.046201047,0.0,0.0,0.0,0.0,0.015470312,0.0,0.0,0.0,0.0,0.0,-0.0028017138,0.0,-0.0018181679,-0.0014724624,-0.0009083333,-0.017064648,-0.0017868236,0.0,-0.00021779072,-0.003347557,0.009241243,-0.0047046794,-0.001443383,0.0,0.0042593456,0.001042948,-0.00021576133,0.0,0.0022354862,0.0016967861,0.0,0.002956679,0.0,0.0,0.0,0.0,-0.030779738,0.000835112,0.0,0.0006775001,0.0,0.0,-0.007365308,0.0,0.0,0.0,0.0,0.0,0.0,0.0,0.0,0.0,-0.06050727,0.0,0.0,0.0,-0.0008627621,0.0,0.0,0.00043668578,0.00036762448,0.00042155586,0.001142443,0.013710745,0.0007911451,-0.0006830961,0.00034055058,0.0017744848,-0.03878877,-0.0036814723,-0.0029538663,-2.7968976e-05,-0.0036199393,-0.00086783967,0.0
